hours_studied,attendance_pct,prev_score,pass
3.7,82.1,37.2,0
9.5,54.2,93.2,1
7.3,58.1,65.4,1
6.0,94.9,87.9,1
1.6,80.3,52.4,0
1.6,50.5,92.7,0
0.6,55.1,57.2,0
8.7,83.2,30.8,1
6.0,50.3,93.4,0
7.1,58.0,36.4,0
0.2,77.4,52.4,0
9.7,84.6,96.5,1
8.3,82.6,96.5,1
2.1,61.2,70.1,0
1.8,85.6,74.2,0
1.8,61.9,61.4,0
3.0,66.3,50.5,0
5.2,87.3,53.0,0
4.3,82.5,77.1,0
2.9,92.5,82.7,1
6.1,82.9,85.4,1
1.4,78.4,85.3,0
2.9,54.7,36.4,0
3.7,68.4,64.6,0
4.6,63.3,34.0,1
7.9,62.2,68.5,1
2.0,98.7,60.9,0
5.1,69.7,92.1,0
5.9,94.6,54.6,0
0.5,81.6,38.2,0
6.1,89.7,40.0,0
1.7,75.1,83.3,0
0.7,78.8,73.3,0
9.5,74.6,37.1,1
9.7,59.8,35.9,1
8.1,86.1,79.1,1
3.0,64.0,35.1,0
1.0,51.2,87.5,0
6.8,82.3,79.4,1
4.4,58.9,35.7,0
1.2,97.0,35.9,0
5.0,97.7,99.1,1
0.3,95.7,56.2,0
9.1,68.5,55.9,1
2.6,50.8,86.9,0
6.6,96.4,96.3,1
3.1,71.4,99.0,1
5.2,98.3,82.7,1
5.5,98.2,56.3,0
1.8,92.7,35.8,0
9.7,64.7,84.4,1
7.8,69.3,69.1,1
9.4,92.6,59.7,1
8.9,65.8,93.4,1
6.0,58.5,37.8,0
9.2,77.8,64.5,1
0.9,96.8,30.8,0
2.0,84.8,62.8,0
0.5,78.5,33.9,0
3.3,54.9,38.3,0
3.9,80.8,38.2,0
2.7,99.5,75.4,1
8.3,57.0,82.2,1
3.6,75.9,70.8,0
2.8,93.9,97.4,1
5.4,87.0,56.2,1
1.4,84.9,50.0,0
8.0,85.1,90.8,1
0.7,68.0,45.7,0
9.9,64.7,97.4,1
7.7,90.5,30.9,0
2.0,90.5,97.9,0
0.1,93.4,33.0,0
8.2,95.7,92.4,1
7.1,75.6,66.9,1
7.3,75.1,99.5,1
7.7,89.9,35.2,1
0.7,82.5,68.8,0
3.6,85.1,97.9,1
1.2,89.8,66.6,0
8.6,94.5,74.1,1
6.2,66.9,78.7,1
3.3,68.8,61.8,0
0.6,54.7,73.9,0
3.1,78.9,70.9,1
3.3,51.8,93.1,0
7.3,73.3,33.2,1
6.4,77.1,49.7,0
8.9,64.3,96.5,1
4.7,79.5,92.3,1
1.2,51.5,61.9,0
7.1,51.9,73.4,0
7.6,91.1,49.4,1
5.6,68.0,43.2,0
7.7,56.4,62.5,1
4.9,76.1,54.7,0
5.2,88.5,70.9,1
4.3,60.8,35.4,0
0.3,81.1,98.2,1
1.1,54.3,99.0,0
0.3,52.6,78.9,0
6.4,76.6,67.5,1
3.1,77.0,51.7,0
5.1,81.9,87.0,1
9.1,86.3,77.9,1
2.5,98.8,41.4,0
4.1,75.8,93.8,1
7.6,66.1,87.6,1
2.3,89.8,96.5,1
0.8,63.5,80.8,0
2.9,71.9,72.9,1
1.6,53.9,59.3,0
9.3,51.3,95.3,1
8.1,98.1,90.6,1
6.3,91.8,33.2,0
8.7,84.8,31.8,1
8.0,70.4,56.4,1
1.9,58.7,86.7,1
8.9,57.8,99.1,1
5.4,62.5,40.5,0
8.1,77.5,71.6,1
9.0,85.7,56.7,0
3.2,83.0,97.9,1
1.1,64.0,88.9,0
2.3,97.7,88.7,0
4.3,86.9,62.8,1
8.2,77.7,59.0,1
8.6,80.6,49.1,1
0.1,71.0,33.9,0
5.1,62.4,90.5,1
4.2,67.8,86.9,1
2.2,87.9,100.0,1
1.2,50.7,99.8,0
3.4,55.8,68.9,0
9.4,52.3,83.8,1
3.2,52.0,96.1,0
5.2,92.8,89.5,1
7.0,85.2,47.3,1
3.6,73.7,61.5,0
9.7,54.9,39.0,1
9.6,74.6,96.8,1
2.5,73.7,72.4,0
5.0,58.7,46.0,0
3.0,71.7,77.0,0
2.8,69.9,73.3,0
0.4,80.8,55.1,0
6.1,81.8,37.9,1
5.0,52.3,77.0,0
0.5,68.7,66.4,0
2.8,81.3,84.1,1
9.1,75.2,66.4,1
2.4,92.8,89.7,1
1.4,82.9,68.6,0
4.9,58.1,69.3,0
9.9,53.5,91.4,1
2.4,82.1,58.2,1
6.7,51.3,39.4,0
7.6,79.3,32.0,1
2.4,97.0,82.9,1
7.3,78.8,73.4,1
3.7,69.4,79.3,1
6.3,82.2,44.9,1
6.3,72.9,39.5,0
5.4,77.3,31.0,1
0.9,97.1,54.5,0
8.4,69.3,71.3,1
3.2,98.1,57.5,0
1.9,95.3,60.6,0
0.4,59.8,93.3,1
5.9,53.5,54.4,1
6.8,55.0,66.0,1
0.2,50.9,84.9,0
5.1,54.7,57.8,0
2.3,84.2,73.5,0
6.5,53.6,90.4,1
1.7,65.9,96.5,1
6.9,92.2,40.3,0
3.9,51.2,94.9,1
9.4,90.7,64.4,1
1.4,64.1,48.1,0
3.4,55.9,62.1,0
1.1,84.8,98.6,0
9.2,81.4,64.5,1
8.8,93.9,53.0,1
2.6,86.8,74.3,0
6.6,90.2,46.8,0
8.2,64.1,35.3,0
5.6,58.9,39.0,1
5.3,87.5,39.0,0
2.4,90.3,40.6,0
0.9,99.5,39.7,0
9.0,70.6,74.9,1
9.0,68.6,42.7,0
6.3,88.8,54.2,1
3.4,67.0,92.8,0
3.5,96.5,63.2,1
7.3,92.9,76.7,1
9.0,71.4,42.1,1
8.9,87.5,43.5,1
7.8,87.7,32.9,0
